{
    "centralized": {
        "accuracy": [0.8608],
        "f1_score": [0.6778],
        "precision":[0.7657],
        "recall": [0.6080]
    },
    "5_clients":{
        "accuracy": [
            0.8439803439803439,
            0.8567260442260443,
            0.8601151741121801,
            0.8587223587223587,
            0.8644912971260276],
        
        "f1_score": [
            0.568171571914087,
            0.632719494047619,
            0.6625577351205681,
            0.6778734665129272,
            0.6828855107175236],
                    
        "precision": [
            0.8430285830639619,
            0.8249486652977412,
            0.7819028970986215,
            0.7463393349692785,
            0.7569738297462124],
        
        "recall": [
            0.428525641025641,
            0.5131784583410143,
            0.5748405137429756,
            0.6209281590005847,
            0.6220085193771298]
    },

    "50_clients": {
        "accuracy": [
            0.8409847735995283,
            0.851771339468445,
            0.8492623479564324,
            0.8596986277212377,
            0.8513671274961598
        ],
        "f1_score": [
            0.594483691995055,
            0.6529051179723911,
            0.6478196591494877,
            0.6679849320569725,
            0.6521136419650357
        ],
        "precision": [
            0.7876192275013776,
            0.7478291327781129,
            0.7543186575900404,
            0.7554077745863399,
            0.7401960739357195
        ],
        "recall": [
            0.4785397977698119,
            0.5804859944740847,
            0.5686336256444258,
            0.6001201117159988,
            0.5838692733634231
        ]
    },
    
    "200_clients": {
        "accuracy": [
            0.7897837555591571,
            0.8239941397273228,
            0.8333950617283952,
            0.8436698346633612,
            0.8452469135802468
        ],
        "f1_score": [
            0.6155886054113234,
            0.6458790918467616,
            0.6517859354970023,
            0.6623706141415459,
            0.667983300711503
        ],
        "precision": [
            0.5418138735013414,
            0.6190459499879201,
            0.6458307464697997,
            0.674354311901721,
            0.6854794976547687
        ],
        "recall": [
            0.7201340587255157,
            0.6802809732106099,
            0.6632876612249876,
            0.6543975144573119,
            0.6570564236392219
        ]
    },
    "gender": {
        "accuracy": [
            0.8620180422153342,
            0.8643893457275305,
            0.8697784148337298,
            0.8697169945051793,
            0.853092985563883
        ],
        "f1_score": [
            0.6512783191027407,
            0.6555616866444741,
            0.6594478838469753,
            0.6571221224874696,
            0.653306238722199
        ],
        "precision": [
            0.711887032277508,
            0.7369897971850277,
            0.7550006009622457,
            0.732503076572714,
            0.7726479919806056
        ],
        "recall": [
            0.6055125994811826,
            0.5920139114099844,
            0.5857558729892389,
            0.5966142858769374,
            0.5661226797787504
        ]
    },

    "education": {
        "accuracy": [
            0.8351120144504762,
            0.8327652596475603,
            0.8235494322583798,
            0.8510416777120832,
            0.8391431918621353
        ],
        "f1_score": [
            0.39418404776425237,
            0.5288293572009399,
            0.4879275661543067,
            0.48170566324352443,
            0.5731999682116264
        ],
        "precision": [
            0.8154435643540743,
            0.7704158348243809,
            0.8013281267555371,
            0.7824945392849701,
            0.7438085914431853
        ],
        "recall": [
            0.26907038397119404,
            0.4126928497337262,
            0.3597910686877982,
            0.3538065507832129,
            0.4705588626030979
        ]
    },

    "age": {
        "accuracy": [
            0.8590633989533151,
            0.8634238640695941,
            0.84897160670213,
            0.8352882211127334,
            0.8733036859252071
        ],
        "f1_score": [
            0.6131838933639462,
            0.6307805577642446,
            0.650692949688915,
            0.6699032045978883,
            0.6434067572615415
        ],
        "precision": [
            0.7526465572011458,
            0.7865581552147586,
            0.7818353473945008,
            0.7827686106563482,
            0.7633700959646504
        ],
        "recall": [
            0.5187689102625288,
            0.5267539867291787,
            0.5578721850498287,
            0.5858274027763944,
            0.5561327407883311
        ]
    }
}